{"cameraMode":{"drawMode":0,"name":"Shaded","section":"Shading Mode"},"sceneLighting":false,"audioPlay":false,"sceneViewState":{"showFog":true,"showMaterialUpdate":false,"showSkybox":false,"showFlares":true,"showImageEffects":true,"showParticleSystems":true,"showVisualEffectGraphs":true,"m_FxEnabled":true},"in2DMode":false,"pivot":{"x":-0.6272077560424805,"y":0.4070854187011719,"z":-0.1463489532470703},"rotation":{"x":-0.028495898470282556,"y":-0.003896869020536542,"z":-0.0001112944446504116,"w":0.9995872974395752},"size":13.944417953491211,"orthographic":false}