{"cameraMode":{"drawMode":0,"name":"Shaded","section":"Shading Mode"},"sceneLighting":false,"audioPlay":false,"sceneViewState":{"showFog":true,"showMaterialUpdate":false,"showSkybox":false,"showFlares":true,"showImageEffects":true,"showParticleSystems":true,"showVisualEffectGraphs":true,"m_FxEnabled":true},"in2DMode":false,"pivot":{"x":3.759999990463257,"y":1.2200000286102296,"z":2.050210952758789},"rotation":{"x":-0.05097461864352226,"y":-0.01138322427868843,"z":-0.0005810835282318294,"w":0.998635470867157},"size":1.4253488779067994,"orthographic":false}