{"cameraMode":{"drawMode":0,"name":"Shaded","section":"Shading Mode"},"sceneLighting":true,"audioPlay":false,"sceneViewState":{"showFog":true,"showMaterialUpdate":false,"showSkybox":true,"showFlares":true,"showImageEffects":true,"showParticleSystems":true,"showVisualEffectGraphs":true,"m_FxEnabled":true},"in2DMode":false,"pivot":{"x":0.31983858346939089,"y":10.771707534790039,"z":-41.63576126098633},"rotation":{"x":0.14052316546440125,"y":-0.011880628764629364,"z":0.001686359173618257,"w":0.9900047183036804},"size":1.8139503002166749,"orthographic":false}