{"cameraMode":{"drawMode":0,"name":"Shaded","section":"Shading Mode"},"sceneLighting":false,"audioPlay":false,"sceneViewState":{"showFog":true,"showMaterialUpdate":false,"showSkybox":false,"showFlares":true,"showImageEffects":true,"showParticleSystems":true,"showVisualEffectGraphs":true,"m_FxEnabled":true},"in2DMode":false,"pivot":{"x":1.2699999809265137,"y":3.0000007152557375,"z":1.9500000476837159},"rotation":{"x":-0.05097461864352226,"y":-0.01138322427868843,"z":-0.0005810835282318294,"w":0.998635470867157},"size":1.2804328203201295,"orthographic":false}